Strain,Country,GenomeSize,Phenotype,Population,CDS,GC
Strain1,Canada,2098424,Non-Clinical,1,1993,0.4106
Strain2,Canada,2099479,Non-Clinical,1,1993,0.4106
Strain3,Canada,2133605,?,1,2070,0.4108
Strain4,UK,2143407,?,1,2053,0.4097
Strain5,UK,2144506,?,1,2049,0.4097
Strain6,Canada,2145656,Sys-Brain,1,2065,0.4105
Strain7,Canada,2149163,Sys-Brain,1,2082,0.4097
Strain8,Canada,2151107,Sys-Brain,1,2085,0.41
Strain9,UK,2155971,Respiratory,1,2080,0.4095
Strain10,Canada,2156465,Respiratory,1,2089,0.4103
Strain11,UK,2156995,Respiratory,1,2082,0.4095
Strain12,UK,2157032,Respiratory,1,2078,0.4095
Strain13,Canada,2168222,?,1,2081,0.4097
Strain14,Canada,2168261,Respiratory,1,2086,0.4107
Strain15,Canada,2176784,?,1,2137,0.4103
Strain16,UK,2181805,Respiratory,1,2113,0.4094
Strain17,Canada,2198122,?,1,2153,0.4096
Strain18,Canada,2204235,?,1,2135,0.4096
Strain19,China,2215984,Non-Clinical,1,2170,0.4099
Strain20,China,2218330,Non-Clinical,1,2166,0.4099
Strain21,China,2223643,Non-Clinical,1,2175,0.4099
Strain22,Canada,2245054,Sys-Brain,1,2200,0.4097
Strain23,UK,2251805,Respiratory,1,2233,0.4099
Strain24,Canada,2097799,Respiratory,1,1999,0.4111
Strain25,Canada,2100834,Non-Clinical,1,2000,0.4111
Strain26,Canada,2101449,Sys-Brain,1,1997,0.4111
Strain28,Canada,2107087,Sys-Brain,1,2013,0.4112
Strain31,Canada,2116315,?,1,2015,0.4111
Strain32,Canada,2116363,Sys-Brain,1,2012,0.4112
Strain33,Canada,2118607,Respiratory,1,2015,0.4112
Strain35,Canada,2131071,Sys-Brain,1,2056,0.4111
Strain36,Canada,2155312,?,1,2082,0.4111
Strain37,Canada,2162512,?,1,2082,0.4112
Strain38,Canada,2210342,Non-Clinical,1,2142,0.4105
Strain39,Canada,2211518,Non-Clinical,1,2135,0.4107
Strain40,Canada,2211798,?,1,2149,0.4093
Strain41,Canada,2212068,Non-Clinical,1,2149,0.4106
Strain42,Canada,2212936,Non-Clinical,1,2152,0.4106
Strain43,Canada,2213570,Non-Clinical,1,2149,0.4106
Strain44,Canada,2220147,?,1,2151,0.4087
Strain45,Canada,2260317,Sys-Brain,1,2202,0.4101
Strain46,UK,2272982,?,1,2117,0.4113
Strain47,Canada,2354154,Respiratory,1,2243,0.4098
Strain48,Canada,2355060,Respiratory,1,2250,0.4119
Strain49,Canada,2375543,Respiratory,1,2298,0.4111
Strain50,Canada,2390837,?,1,2269,0.4102
Strain51,Canada,2425066,Sys-Brain,1,2313,0.4099
Strain52,UK,1974285,Non-Clinical,3,1974,0.3933
Strain53,Canada,2043948,Sys-Brain,10,2019,0.4389
Strain54,China,2067675,Non-Clinical,10,2033,0.438
Strain55,China,2070757,Non-Clinical,3,2004,0.4235
Strain56,Canada,2077091,Sys-Brain,3,2048,0.3983
Strain57,China,2093768,Non-Clinical,3,2013,0.4225
Strain58,Canada,2094649,?,3,2063,0.3979
Strain59,UK,2095316,?,10,2077,0.4368
Strain60,Canada,2106968,?,10,2099,0.4372
Strain61,Canada,2110856,Non-Clinical,3,2007,0.4225
Strain62,UK,2113125,?,3,2063,0.399
Strain63,UK,2113631,Non-Clinical,10,2063,0.4373
Strain64,China,2138244,Non-Clinical,3,2073,0.421
Strain65,UK,2149647,Non-Clinical,10,2115,0.4352
Strain66,UK,2151871,Non-Clinical,3,2011,0.414
Strain67,UK,2152914,?,3,2174,0.3996
Strain68,UK,2154533,?,10,2121,0.4358
Strain69,UK,2160739,?,10,2146,0.435
Strain70,China,2164863,Non-Clinical,3,2128,0.4225
Strain71,China,2166495,Non-Clinical,1,2160,0.4347
Strain72,Canada,2168777,Non-Clinical,3,2051,0.4157
Strain73,Canada,2172938,Non-Clinical,3,2105,0.4227
Strain74,UK,2178747,?,3,2047,0.4323
Strain75,UK,2206350,?,3,2130,0.3986
Strain76,UK,2207567,Non-Clinical,3,2134,0.4224
Strain77,UK,2208518,?,10,2190,0.4344
Strain78,UK,2218672,Non-Clinical,3,2093,0.4147
Strain79,China,2225078,Non-Clinical,1,2207,0.4324
Strain80,UK,2228420,Non-Clinical,2,2121,0.3975
Strain81,UK,2242177,Non-Clinical,1,2203,0.3981
Strain82,Canada,2242306,?,3,2256,0.3981
Strain83,China,2253533,Non-Clinical,3,2101,0.4133
Strain84,UK,2255008,Non-Clinical,1,2214,0.3992
Strain85,China,2256015,Non-Clinical,3,2214,0.4185
Strain86,Canada,2257625,Sys-Brain,3,2141,0.4129
Strain87,UK,2266882,Non-Clinical,10,2253,0.4329
Strain88,UK,2267972,Non-Clinical,10,2256,0.4329
Strain90,UK,2288527,Non-Clinical,1,2218,0.398
Strain91,Canada,2294236,Respiratory,10,2264,0.4346
Strain92,UK,2296726,Non-Clinical,3,2096,0.4128
Strain93,Canada,2310271,Sys-Brain,1,2242,0.3959
Strain94,UK,2316859,Non-Clinical,2,2187,0.3946
Strain95,Canada,2324897,Non-Clinical,3,2094,0.415
Strain96,Canada,2362803,?,2,2277,0.3967
Strain97,China,2363672,Non-Clinical,3,2211,0.4143
Strain98,Canada,2386783,Non-Clinical,1,2347,0.3974
Strain99,UK,2391161,Non-Clinical,2,2334,0.3955
Strain100,UK,2397765,Non-Clinical,3,2267,0.4133
Strain101,Canada,2403562,Non-Clinical,3,2203,0.4153
Strain102,Canada,2460176,Non-Clinical,3,2263,0.4145
Strain103,Canada,2460347,?,3,2263,0.4145
Strain104,China,2186302,Non-Clinical,1,2181,0.4119
Strain105,Canada,2210677,Respiratory,1,2149,0.4102
Strain106,UK,2256373,Non-Clinical,1,2117,0.4144
Strain107,Canada,2272605,Sys-Brain,1,2183,0.4133
Strain108,UK,2274821,Non-Clinical,1,2169,0.4121
Strain109,China,2279659,Non-Clinical,1,2094,0.4147
Strain110,Canada,2282460,?,1,2155,0.4162
Strain111,Canada,2296206,?,1,2195,0.4104
Strain112,Canada,2303061,Respiratory,1,2241,0.415
Strain113,Canada,2314195,?,1,2192,0.4135
Strain114,UK,2315235,Non-Clinical,1,2187,0.4143
Strain115,UK,2316450,Non-Clinical,1,2160,0.4147
Strain116,China,2317261,Non-Clinical,1,2162,0.4139
Strain117,Canada,2326512,Non-Clinical,1,2231,0.4147
Strain118,Canada,2329725,Non-Clinical,1,2226,0.4148
Strain119,Canada,2333643,Non-Clinical,1,2231,0.4148
Strain120,Canada,2339470,Respiratory,1,2253,0.4134
Strain121,China,2339680,Non-Clinical,1,2160,0.4135
Strain122,UK,2339682,Non-Clinical,1,2265,0.4132
Strain123,China,2340744,Non-Clinical,1,2192,0.4133
Strain124,China,2340830,Non-Clinical,1,2205,0.414
Strain125,China,2345804,Non-Clinical,1,2212,0.414
Strain126,UK,2345942,Non-Clinical,1,2176,0.4142
Strain127,UK,2348670,Non-Clinical,1,2209,0.4159
Strain128,Canada,2349569,?,1,2235,0.4144
Strain129,China,2351058,Non-Clinical,1,2197,0.4131
Strain130,UK,2354065,Non-Clinical,1,2207,0.4159
Strain131,UK,2354352,Non-Clinical,1,2232,0.4147
Strain132,UK,2355352,Non-Clinical,1,2257,0.4133
Strain133,China,2361639,Non-Clinical,1,2246,0.4134
Strain134,China,2362140,Non-Clinical,1,2247,0.4134
Strain135,China,2363327,Non-Clinical,1,2242,0.4146
Strain136,China,2368705,Non-Clinical,1,2223,0.4138
Strain137,UK,2371798,?,1,2237,0.4143
Strain138,UK,2373947,Non-Clinical,1,2245,0.415
Strain139,Canada,2374185,Non-Clinical,1,2281,0.4137
Strain140,Canada,2374926,?,1,2304,0.4124
Strain141,Canada,2375397,Non-Clinical,1,2282,0.4138
Strain142,China,2376824,Non-Clinical,1,2247,0.4136
Strain143,UK,2381829,Respiratory,1,2343,0.4139
Strain144,UK,2385760,Non-Clinical,1,2287,0.4111
Strain145,UK,2388205,?,1,2294,0.4152
Strain146,China,2392464,Non-Clinical,1,2218,0.4146
Strain147,Canada,2398405,Sys-Brain,1,2334,0.4127
Strain148,China,2409111,Non-Clinical,1,2267,0.413
Strain149,UK,2411527,Non-Clinical,1,2311,0.4148
Strain150,China,2412776,Non-Clinical,1,2269,0.4122
Strain151,China,2413162,Non-Clinical,1,2281,0.4146
Strain152,China,2413882,Non-Clinical,1,2271,0.4131
Strain153,Canada,2415474,?,1,2323,0.4145
Strain154,China,2416281,Non-Clinical,1,2280,0.4132
Strain155,UK,2420251,Non-Clinical,1,2301,0.4151
Strain156,UK,2423380,Non-Clinical,1,2343,0.4132
Strain157,Canada,2423390,?,1,2321,0.4131
Strain158,UK,2428398,Non-Clinical,1,2295,0.4125
Strain159,China,2429401,Non-Clinical,1,2280,0.4131
Strain160,Canada,2429908,Respiratory,1,2371,0.4129
Strain161,UK,2430860,Non-Clinical,1,2350,0.4138
Strain162,Canada,2434280,Respiratory,1,2358,0.4132
Strain163,UK,2434520,Non-Clinical,1,2296,0.4129
Strain164,UK,2437263,Non-Clinical,1,2312,0.4142
Strain165,UK,2438030,Non-Clinical,1,2278,0.4146
Strain166,UK,2439132,Non-Clinical,1,2275,0.4146
Strain167,UK,2440311,?,1,2318,0.4127
Strain168,UK,2445919,Non-Clinical,1,2365,0.4124
Strain169,China,2451145,Non-Clinical,1,2317,0.4133
Strain170,Canada,2455217,?,1,2354,0.412
Strain171,China,2455373,Non-Clinical,1,2337,0.4124
Strain172,China,2459679,Non-Clinical,1,2364,0.4121
Strain174,UK,2465019,Non-Clinical,1,2392,0.4133
Strain175,China,2468971,Non-Clinical,1,2377,0.4129
Strain176,China,2471591,Non-Clinical,1,2342,0.4127
Strain177,China,2473589,Non-Clinical,1,2341,0.4128
Strain178,China,2475735,Non-Clinical,1,2351,0.4126
Strain179,China,2477333,Non-Clinical,1,2346,0.4127
Strain180,China,2485863,Non-Clinical,1,2338,0.4125
Strain181,China,2486973,Non-Clinical,1,2331,0.4127
Strain182,Canada,2487738,Sys-Brain,1,2440,0.4121
Strain183,China,2491326,Non-Clinical,1,2366,0.4127
Strain184,China,2499189,Non-Clinical,1,2371,0.413
Strain185,UK,2500418,Non-Clinical,1,2409,0.4129
Strain186,China,2501847,Non-Clinical,1,2336,0.4131
Strain187,China,2503621,Non-Clinical,1,2334,0.4131
Strain188,China,2512575,Non-Clinical,1,2394,0.4131
Strain189,China,2516289,Non-Clinical,1,2385,0.4135
Strain190,China,2518731,Non-Clinical,1,2376,0.4129
Strain191,UK,2522170,?,1,2442,0.4127
Strain192,China,2530381,Non-Clinical,1,2409,0.4125
Strain193,China,2536700,Non-Clinical,1,2408,0.4131
Strain194,China,2537144,Non-Clinical,1,2400,0.4126
Strain195,UK,2560838,Non-Clinical,1,2470,0.4105
Strain196,UK,1964905,Respiratory,5,1917,0.4133
Strain197,UK,1988816,Non-Clinical,5,1843,0.4148
Strain198,Canada,1997690,?,5,1957,0.4143
Strain199,Canada,2001128,Respiratory,5,1964,0.4141
Strain200,UK,2003737,Sys-Brain,5,1958,0.414
Strain201,Canada,2010769,?,5,1927,0.4122
Strain202,Canada,2016949,Non-Clinical,5,1952,0.4133
Strain203,Canada,2020280,Non-Clinical,5,1956,0.4133
Strain204,UK,2022484,Non-Clinical,5,1923,0.4128
Strain205,UK,2026191,?,5,1905,0.412
Strain206,China,2034321,Sys-Brain,8,1976,0.4142
Strain207,UK,2034331,?,8,1924,0.4133
Strain208,Canada,2048317,Sys-Brain,5,2008,0.4142
Strain209,UK,2062405,Non-Clinical,5,1924,0.4147
Strain210,Canada,2065543,Non-Clinical,5,1988,0.4125
Strain211,Canada,2067570,Sys-Brain,5,2027,0.4117
Strain212,Canada,2068903,Sys-Brain,5,2026,0.4136
Strain213,UK,2078826,Non-Clinical,5,2016,0.4124
Strain214,UK,2080815,?,5,1917,0.4145
Strain215,UK,2083483,Non-Clinical,5,2018,0.4124
Strain216,UK,2088587,Non-Clinical,5,1972,0.4102
Strain217,UK,2092601,Non-Clinical,5,1947,0.4115
Strain218,UK,2093129,Non-Clinical,5,1951,0.4115
Strain219,UK,2093375,?,5,1989,0.4125
Strain220,UK,2098093,Non-Clinical,5,1951,0.4117
Strain221,UK,2104786,Non-Clinical,5,2025,0.4123
Strain222,China,2107519,Non-Clinical,5,2001,0.411
Strain223,UK,2110029,Non-Clinical,5,1985,0.4118
Strain224,UK,2110202,Non-Clinical,5,2049,0.4115
Strain225,UK,2111439,?,5,2103,0.4138
Strain226,UK,2111570,?,5,2005,0.4115
Strain227,China,2114353,Non-Clinical,5,2003,0.4109
Strain228,Canada,2114638,Sys-Brain,5,2033,0.4141
Strain229,UK,2116879,Non-Clinical,5,1997,0.409
Strain230,UK,2116997,Non-Clinical,5,1994,0.4116
Strain231,UK,2117220,Non-Clinical,5,1996,0.409
Strain232,UK,2117892,Non-Clinical,5,2006,0.4133
Strain233,Canada,2118525,?,5,2066,0.4094
Strain234,UK,2118757,Non-Clinical,5,1994,0.409
Strain235,UK,2119881,?,5,2010,0.4131
Strain236,UK,2120891,Non-Clinical,5,2003,0.4125
Strain237,UK,2126428,?,5,2010,0.4115
Strain238,Canada,2130530,Non-Clinical,5,2035,0.4107
Strain239,Canada,2130579,?,5,2013,0.4118
Strain240,China,2131655,Non-Clinical,5,2006,0.4109
Strain241,UK,2132136,Non-Clinical,5,1955,0.4132
Strain242,UK,2132971,Non-Clinical,5,2016,0.4116
Strain243,UK,2135144,Sys-Brain,5,1966,0.4133
Strain244,UK,2135227,?,5,2033,0.4107
Strain245,UK,2135357,Non-Clinical,5,2019,0.4114
Strain246,UK,2145378,Non-Clinical,5,2038,0.4123
Strain247,UK,2146736,?,5,1986,0.4132
Strain248,UK,2148954,Non-Clinical,5,2078,0.4144
Strain249,Canada,2150696,?,5,2110,0.4099
Strain250,UK,2152269,Non-Clinical,5,2036,0.4134
Strain251,Canada,2152963,?,5,2103,0.41
Strain252,UK,2154012,Non-Clinical,1,2081,0.431
Strain253,UK,2154276,Non-Clinical,5,2042,0.4124
Strain254,Canada,2154925,Respiratory,5,2047,0.4135
Strain255,UK,2154988,Respiratory,5,2007,0.4136
Strain256,UK,2159047,Non-Clinical,5,2079,0.4111
Strain257,UK,2159130,Non-Clinical,5,2069,0.4103
Strain258,UK,2159779,?,5,2002,0.4129
Strain259,UK,2161016,?,5,2092,0.4109
Strain260,UK,2163400,Non-Clinical,5,2069,0.4103
Strain261,UK,2163945,Non-Clinical,5,2012,0.4138
Strain262,UK,2165783,?,5,2011,0.4115
Strain263,Canada,2167418,?,5,2063,0.4113
Strain264,UK,2170883,Non-Clinical,5,2006,0.4136
Strain265,China,2172264,Non-Clinical,5,2096,0.4106
Strain267,UK,2173568,Non-Clinical,5,2083,0.4138
Strain268,UK,2175455,Non-Clinical,5,2039,0.414
Strain269,UK,2179820,Non-Clinical,5,2034,0.413
Strain270,China,2180231,Non-Clinical,5,2096,0.4105
Strain271,UK,2180709,Non-Clinical,5,2052,0.4134
Strain272,China,2183000,Non-Clinical,5,2074,0.4087
Strain273,China,2183059,Sys-Brain,5,2114,0.4132
Strain274,China,2184790,Non-Clinical,8,2022,0.4118
Strain275,UK,2185191,?,5,2046,0.4137
Strain276,Canada,2186142,Sys-Brain,5,2079,0.4112
Strain277,China,2187485,Non-Clinical,5,2099,0.4111
Strain278,UK,2188346,Non-Clinical,5,2061,0.4123
Strain279,UK,2191694,Non-Clinical,5,2051,0.4122
Strain280,Canada,2192727,Respiratory,5,2140,0.411
Strain281,UK,2192831,Non-Clinical,5,2126,0.4123
Strain282,China,2198025,Non-Clinical,8,2045,0.4121
Strain283,UK,2202022,Non-Clinical,5,2095,0.4114
Strain284,UK,2203381,?,5,2085,0.4118
Strain285,Canada,2206601,?,5,2110,0.4089
Strain286,UK,2207002,?,5,2082,0.412
Strain287,UK,2207040,Non-Clinical,5,2094,0.4086
Strain288,UK,2207458,Non-Clinical,5,2119,0.4124
Strain289,UK,2208682,Non-Clinical,5,2093,0.4086
Strain290,China,2210981,Non-Clinical,5,2078,0.4097
Strain291,China,2211624,Non-Clinical,5,2075,0.4097
Strain292,China,2212553,Non-Clinical,5,2109,0.4128
Strain293,China,2214305,Non-Clinical,5,2166,0.4104
Strain294,UK,2214549,Non-Clinical,5,2130,0.413
Strain295,China,2216918,Non-Clinical,8,2108,0.4111
Strain296,China,2221208,Non-Clinical,5,2108,0.411
Strain297,UK,2222994,Non-Clinical,5,2123,0.4119
Strain298,China,2225255,Non-Clinical,5,2082,0.4095
Strain299,UK,2227372,Non-Clinical,5,2094,0.4134
Strain300,UK,2229624,Non-Clinical,5,2174,0.4135
Strain301,Canada,2230236,?,5,2200,0.4108
Strain302,China,2232937,Non-Clinical,5,2116,0.4129
Strain303,China,2234992,Non-Clinical,5,2091,0.4096
Strain304,UK,2236497,Non-Clinical,5,2086,0.4122
Strain305,UK,2242238,Non-Clinical,5,2136,0.4111
Strain306,China,2244641,Non-Clinical,5,2090,0.4095
Strain307,China,2250148,Non-Clinical,5,2117,0.4093
Strain308,China,2251956,Non-Clinical,5,2081,0.4096
Strain309,UK,2253912,Non-Clinical,5,2128,0.4124
Strain310,UK,2254094,Non-Clinical,5,2138,0.4121
Strain311,Canada,2256817,Sys-Brain,5,2140,0.4087
Strain312,UK,2257927,Respiratory,5,2209,0.4116
Strain313,Canada,2258193,?,5,2155,0.4105
Strain314,UK,2269206,Non-Clinical,5,2192,0.4114
Strain315,UK,2276946,Non-Clinical,5,2172,0.4122
Strain316,UK,2280721,Non-Clinical,5,2127,0.4106
Strain317,UK,2282059,Non-Clinical,5,2125,0.4105
Strain318,China,2283440,Non-Clinical,5,2206,0.409
Strain320,China,2296357,Non-Clinical,5,2216,0.4087
Strain321,Canada,2300738,Non-Clinical,5,2164,0.4122
Strain322,Canada,2305618,Non-Clinical,5,2171,0.412
Strain323,China,2307433,Non-Clinical,5,2265,0.4087
Strain324,China,2307826,Non-Clinical,5,2264,0.4087
Strain325,China,2308093,Non-Clinical,5,2265,0.4087
Strain326,China,2308295,Non-Clinical,5,2260,0.4087
Strain327,China,2308307,Non-Clinical,5,2265,0.4086
Strain328,Canada,2309501,Non-Clinical,5,2170,0.4122
Strain329,China,2309662,Non-Clinical,5,2263,0.4087
Strain330,China,2310554,Non-Clinical,5,2267,0.4086
Strain331,Canada,2322673,Non-Clinical,5,2212,0.41
Strain332,UK,2322969,Non-Clinical,5,2263,0.4111
Strain333,Canada,2322994,Non-Clinical,5,2210,0.41
Strain334,Canada,2324365,Non-Clinical,5,2213,0.41
Strain335,UK,2344362,Non-Clinical,5,2282,0.4104
Strain336,UK,2345119,Non-Clinical,5,2281,0.4103
Strain337,China,2360851,Non-Clinical,5,2279,0.4084
Strain338,UK,2370441,Non-Clinical,5,2224,0.4097
Strain339,China,2464548,Non-Clinical,5,2293,0.409
Strain340,China,2501275,Non-Clinical,5,2363,0.4086
Strain341,China,2521042,Non-Clinical,5,2399,0.4106
Strain342,China,2542416,Non-Clinical,5,2349,0.4111
Strain343,Canada,2007486,Sys-Brain,5,1915,0.4109
Strain344,Canada,2020933,Sys-Brain,5,1907,0.413
Strain345,Canada,2070799,?,5,1969,0.4111
Strain346,China,2075085,Non-Clinical,8,2002,0.4108
Strain347,China,2079566,Non-Clinical,5,1950,0.4098
Strain348,China,2102721,Non-Clinical,5,1913,0.4142
Strain349,China,2102824,Non-Clinical,5,1916,0.4142
Strain350,China,2111778,Non-Clinical,5,1970,0.4096
Strain351,Canada,2112153,Non-Clinical,5,1973,0.4145
Strain352,Canada,2112480,Non-Clinical,5,1972,0.4145
Strain353,Canada,2113421,Non-Clinical,5,1975,0.4145
Strain354,UK,2129662,Respiratory,5,2045,0.4099
Strain355,UK,2130528,Non-Clinical,5,1976,0.4142
Strain356,UK,2131381,Non-Clinical,5,2041,0.4102
Strain357,Canada,2132423,Non-Clinical,5,2009,0.4115
Strain358,China,2135889,Non-Clinical,5,1928,0.4107
Strain359,UK,2137826,Non-Clinical,5,2001,0.4094
Strain360,UK,2143280,Non-Clinical,5,1979,0.4142
Strain361,Canada,2144319,Respiratory,5,2057,0.4138
Strain362,Canada,2145735,Non-Clinical,5,2060,0.4138
Strain363,China,2148289,Non-Clinical,5,2030,0.4093
Strain364,UK,2152283,?,5,2093,0.4099
Strain365,China,2154375,Non-Clinical,5,2028,0.4126
Strain366,Canada,2160785,?,5,2047,0.4106
Strain367,China,2168879,Non-Clinical,6,2084,0.4085
Strain368,China,2169442,Non-Clinical,5,2052,0.4092
Strain369,UK,2172111,Respiratory,5,2117,0.4099
Strain370,UK,2172734,Non-Clinical,5,2075,0.4092
Strain371,UK,2173077,Non-Clinical,5,2076,0.4092
Strain372,UK,2173681,Non-Clinical,5,2079,0.4091
Strain373,UK,2174185,Non-Clinical,5,2074,0.4092
Strain374,UK,2177553,Non-Clinical,5,2111,0.4093
Strain375,UK,2178261,Non-Clinical,5,2107,0.4094
Strain376,China,2188428,Non-Clinical,8,2070,0.4114
Strain377,China,2188696,Non-Clinical,5,2055,0.4126
Strain378,UK,2189168,Non-Clinical,5,2108,0.4091
Strain379,UK,2200451,Non-Clinical,5,2094,0.4086
Strain380,China,2200602,Non-Clinical,5,2070,0.4121
Strain381,UK,2201405,Non-Clinical,5,2096,0.4085
Strain382,China,2205677,Non-Clinical,8,2148,0.4088
Strain383,China,2211712,Non-Clinical,5,2102,0.4125
Strain384,UK,2221515,Non-Clinical,5,2117,0.4085
Strain385,China,2225605,Non-Clinical,9,2095,0.411
Strain386,China,2227457,Non-Clinical,5,2097,0.4115
Strain387,China,2232703,Non-Clinical,5,2037,0.4106
Strain388,China,2233413,Non-Clinical,5,2046,0.4108
Strain389,China,2234180,Non-Clinical,5,2045,0.4108
Strain390,China,2234651,Non-Clinical,5,2047,0.4108
Strain391,China,2243279,Non-Clinical,5,2053,0.4105
Strain392,China,2245360,Non-Clinical,5,2058,0.4108
Strain393,China,2246598,Non-Clinical,9,2051,0.4105
Strain394,China,2248587,Non-Clinical,8,2162,0.4114
Strain395,China,2249344,Non-Clinical,8,2061,0.4106
Strain396,China,2249731,Non-Clinical,5,2065,0.4108
Strain397,China,2252397,Non-Clinical,5,2163,0.41
Strain398,China,2253020,Non-Clinical,8,2071,0.4101
Strain399,China,2255538,Non-Clinical,5,2155,0.4126
Strain400,China,2258247,Non-Clinical,5,2055,0.4106
Strain401,China,2314085,Non-Clinical,5,2219,0.4083
Strain402,China,2449452,Non-Clinical,5,2369,0.4114
Strain403,China,2462975,Non-Clinical,1,2419,0.4302
Strain404,UK,2090976,?,5,1982,0.4114
Strain405,UK,2127448,Non-Clinical,5,2001,0.4109
Strain406,UK,2128358,Non-Clinical,5,2002,0.4109
Strain407,UK,2136037,Non-Clinical,5,2024,0.413
Strain408,UK,2157527,Non-Clinical,5,2039,0.4128
Strain409,UK,2162388,?,5,2068,0.4114
Strain410,UK,2164490,Non-Clinical,5,2059,0.411
Strain411,UK,2164528,Non-Clinical,5,2060,0.411
Strain412,UK,2164675,Non-Clinical,5,2061,0.411
Strain413,UK,2164873,Non-Clinical,5,2060,0.411
Strain414,UK,2166023,Non-Clinical,5,2058,0.411
Strain415,UK,2166241,Non-Clinical,5,2059,0.411
Strain416,UK,2166898,Non-Clinical,5,2063,0.411
Strain417,UK,2177263,Non-Clinical,5,2073,0.4127
Strain418,UK,2186000,Non-Clinical,5,2081,0.4112
Strain419,UK,2188072,Non-Clinical,5,2087,0.4126
Strain420,China,2038146,?,5,1945,0.4132
Strain421,UK,2070565,Non-Clinical,5,1968,0.4127
Strain422,UK,2081884,Non-Clinical,5,2015,0.4123
Strain423,Canada,2095584,Respiratory,5,2021,0.4133
Strain424,UK,2103934,Non-Clinical,5,1981,0.4121
Strain425,UK,2117050,?,5,1991,0.4115
Strain426,UK,2117515,Non-Clinical,5,2045,0.4125
Strain427,UK,2126086,?,5,2048,0.4118
Strain428,UK,2131510,Non-Clinical,5,2022,0.4119
Strain429,China,2131882,Sys-Brain,5,2029,0.4134
Strain430,UK,2134097,Respiratory,5,2005,0.411
Strain431,China,2142184,?,5,2033,0.4132
Strain432,UK,2146364,?,5,2038,0.411
Strain433,UK,2155116,Respiratory,5,2033,0.41
Strain434,UK,2155251,?,5,2076,0.4119
Strain435,China,2166850,Non-Clinical,5,2078,0.4104
Strain436,UK,2170726,?,5,2087,0.4124
Strain437,Canada,2173112,?,5,2087,0.4122
Strain438,UK,2187003,Non-Clinical,5,2044,0.4101
Strain439,China,2204738,Non-Clinical,5,2090,0.4101
Strain440,Canada,2212140,?,5,2099,0.4111
Strain441,UK,2229100,Non-Clinical,5,2148,0.4116
Strain442,China,2280145,Non-Clinical,5,2197,0.412
Strain443,China,2125070,Non-Clinical,5,2018,0.4118
Strain444,China,2133985,Non-Clinical,5,2025,0.4116
Strain445,China,2135265,Non-Clinical,8,2029,0.4116
Strain446,China,2143270,Non-Clinical,5,2034,0.4116
Strain447,China,2156324,Non-Clinical,5,2059,0.4109
Strain448,China,2165807,Non-Clinical,5,2070,0.4107
Strain449,UK,1983771,Non-Clinical,5,1891,0.4137
Strain450,UK,1997063,Non-Clinical,5,1903,0.4136
Strain451,UK,2010985,Non-Clinical,5,1893,0.4135
Strain452,UK,2011241,Non-Clinical,5,1899,0.4136
Strain453,UK,2017011,Non-Clinical,5,1904,0.4136
Strain454,UK,2019077,Non-Clinical,5,1908,0.4136
Strain455,UK,2004233,Sys-Brain,5,1892,0.4142
Strain457,Canada,2026468,?,5,1920,0.4137
Strain461,UK,2045208,Non-Clinical,5,1956,0.4141
Strain462,UK,2050587,Non-Clinical,5,1947,0.4144
Strain463,UK,2051131,Non-Clinical,5,1950,0.4143
Strain464,UK,2051845,Non-Clinical,5,1940,0.4144
Strain465,Canada,2056557,?,5,1976,0.414
Strain468,UK,2072248,Non-Clinical,5,1985,0.4139
Strain469,UK,2092999,Non-Clinical,5,2007,0.4137
Strain470,UK,2093763,Non-Clinical,5,2006,0.4138
Strain471,UK,2093853,Non-Clinical,5,2009,0.4138
Strain472,Canada,2097798,?,5,2016,0.4127
Strain473,UK,2099048,Non-Clinical,5,2012,0.415
Strain474,UK,2104816,Non-Clinical,5,2035,0.4138
Strain475,UK,2105351,Non-Clinical,5,2035,0.4138
Strain476,Canada,2111821,Sys-Brain,5,2001,0.4123
Strain477,Canada,2117915,?,5,2022,0.4127
Strain478,UK,2143662,Non-Clinical,5,2058,0.4134
Strain479,Canada,2169775,?,5,2081,0.4112
Strain480,Canada,2207390,?,5,2133,0.4121
Strain481,UK,1978413,Non-Clinical,5,1882,0.4129
Strain482,UK,1993060,Non-Clinical,5,1886,0.4128
Strain483,UK,1993121,Non-Clinical,5,1883,0.4128
Strain484,UK,1993826,Non-Clinical,5,1884,0.4128
Strain485,UK,1995197,Non-Clinical,5,1889,0.4128
Strain486,UK,2044156,Non-Clinical,5,1951,0.4125
Strain487,UK,2061261,Non-Clinical,5,1951,0.4121
Strain488,UK,2062229,Non-Clinical,5,1952,0.4117
Strain489,UK,2062980,Non-Clinical,5,1951,0.4117
Strain490,UK,2063786,Non-Clinical,5,1955,0.4117
Strain491,UK,2082743,Non-Clinical,5,1986,0.4107
Strain492,China,2160799,Non-Clinical,4,2112,0.4393
Strain493,China,2195927,Non-Clinical,5,2050,0.4115
Strain494,China,2200136,Non-Clinical,5,2049,0.4117
Strain495,China,2200162,Non-Clinical,8,2066,0.4112
Strain496,China,2202572,Non-Clinical,8,2069,0.411
Strain497,China,2205794,Non-Clinical,5,2071,0.4111
Strain498,China,2206380,Non-Clinical,8,2070,0.4111
Strain499,Canada,2218182,?,5,2106,0.4116
Strain500,China,2218504,Non-Clinical,5,2064,0.4113
Strain501,China,2232966,Non-Clinical,5,2079,0.4108
Strain502,China,2274741,Non-Clinical,5,2164,0.4108
Strain503,China,2281200,Non-Clinical,5,2188,0.4122
Strain504,China,2283112,Non-Clinical,8,2152,0.4109
Strain505,China,2284346,Non-Clinical,7,2155,0.411
Strain506,China,2227639,Non-Clinical,5,2132,0.4105
Strain507,China,2228621,Non-Clinical,5,2131,0.4105
Strain508,China,2229249,Non-Clinical,5,2129,0.4105
Strain509,China,2229394,Non-Clinical,5,2129,0.4105
Strain510,China,2229692,Non-Clinical,5,2127,0.4105
Strain511,China,2232078,Non-Clinical,5,2140,0.4106
Strain512,China,2233938,Non-Clinical,5,2137,0.4105
Strain513,China,2235582,Non-Clinical,5,2131,0.4105
Strain514,China,2243621,Non-Clinical,6,2135,0.4105
Strain515,China,2280280,Non-Clinical,5,2154,0.4106
Strain516,Canada,2129957,Respiratory,5,2047,0.4116
Strain517,China,2133517,Non-Clinical,5,2041,0.4105
Strain518,Canada,2143908,Sys-Brain,5,2093,0.412
Strain519,Canada,2165141,Non-Clinical,5,2090,0.4105
Strain520,Canada,2166139,Non-Clinical,5,2088,0.4106
Strain521,China,2341435,Non-Clinical,5,2282,0.4104
Strain522,China,2356751,Non-Clinical,5,2285,0.4105
Strain523,UK,2083486,Non-Clinical,5,1973,0.4127
Strain524,UK,2083937,Non-Clinical,5,1967,0.4128
Strain525,UK,2113670,Non-Clinical,5,2001,0.4124
Strain526,UK,2113974,Non-Clinical,5,1999,0.4124
Strain527,UK,2114528,Non-Clinical,5,1998,0.4124
Strain528,UK,2114815,Non-Clinical,5,1999,0.4124
Strain529,UK,2115373,Non-Clinical,5,1996,0.4124
Strain530,Canada,1922635,?,2,1833,0.4141
Strain531,Canada,1938149,?,2,1848,0.4137
Strain532,Canada,1939051,?,2,1849,0.4138
Strain533,Canada,1939450,Sys-Brain,2,1848,0.4138
Strain534,UK,1950277,Sys-Brain,2,1846,0.4132
Strain535,UK,1956245,?,2,1857,0.4132
Strain536,UK,1956597,?,2,1860,0.4132
Strain537,UK,1958697,Sys-Brain,2,1853,0.4128
Strain538,UK,1960251,?,2,1859,0.4132
Strain539,UK,1961042,Sys-Brain,2,1866,0.4131
Strain540,UK,1962701,?,2,1864,0.413
Strain541,UK,1962762,Respiratory,2,1864,0.413
Strain542,Vietnam,1965606,Sys-Brain,2,1866,0.413
Strain543,UK,1965679,?,2,1871,0.4129
Strain544,UK,1972895,?,2,1874,0.4124
Strain545,UK,1973958,Sys-Brain,2,1874,0.4123
Strain546,Canada,1975572,?,2,1884,0.4123
Strain547,Vietnam,1977162,Sys-Brain,2,1888,0.4124
Strain548,Vietnam,1977585,Sys-Brain,2,1880,0.4124
Strain549,UK,1979978,?,2,1882,0.4124
Strain550,UK,1980757,?,2,1882,0.4124
Strain552,UK,1983134,?,2,1913,0.4132
Strain553,UK,1985203,Sys-Brain,2,1899,0.4132
Strain554,Vietnam,1985700,Sys-Brain,2,1901,0.4122
Strain555,Vietnam,1988247,Sys-Brain,2,1903,0.4121
Strain556,Vietnam,2001496,Sys-Brain,2,1907,0.4119
Strain557,UK,2001627,?,2,1896,0.4118
Strain559,Vietnam,2011851,Sys-Brain,2,1941,0.4122
Strain560,Vietnam,2012810,Sys-Brain,2,1941,0.4123
Strain561,UK,2018401,?,2,1917,0.412
Strain562,UK,2018645,?,2,1916,0.412
Strain563,UK,2020821,?,2,1925,0.4123
Strain564,UK,2022960,?,2,1932,0.4123
Strain565,China,2023133,Sys-Brain,2,1937,0.4126
Strain566,UK,2023592,?,2,1930,0.4123
Strain567,UK,2023617,?,2,1929,0.4126
Strain568,UK,2023641,?,2,1928,0.4126
Strain569,UK,2023863,Sys-Brain,2,1932,0.4123
Strain570,UK,2024082,?,2,1926,0.4126
Strain571,UK,2025298,Respiratory,2,1925,0.4121
Strain572,UK,2025574,?,2,1925,0.4121
Strain573,UK,2025626,Sys-Brain,2,1932,0.4122
Strain574,UK,2026711,?,2,1924,0.4121
Strain575,UK,2027137,?,2,1928,0.4118
Strain576,UK,2028639,Sys-Brain,2,1928,0.4121
Strain578,UK,2029681,Sys-Brain,2,1930,0.4115
Strain583,UK,2030329,?,2,1931,0.4116
Strain584,UK,2030334,Non-Clinical,2,1932,0.4115
Strain585,UK,2030342,?,2,1929,0.4115
Strain586,UK,2030370,Respiratory,2,1928,0.4115
Strain587,UK,2030532,Non-Clinical,2,1929,0.4116
Strain588,UK,2030542,Sys-Brain,2,1930,0.4116
Strain589,Vietnam,2030561,Sys-Brain,2,1924,0.4111
Strain590,UK,2030635,Respiratory,2,1936,0.4116
Strain591,UK,2030694,Sys-Brain,2,1929,0.4116
Strain592,UK,2030696,Sys-Brain,2,1928,0.4115
Strain593,UK,2030872,Sys-Brain,2,1934,0.4115
Strain594,UK,2030907,Sys-Brain,2,1929,0.4115
Strain595,UK,2030932,Sys-Brain,2,1929,0.4116
Strain596,UK,2031804,?,2,1938,0.4115
Strain597,UK,2032438,Sys-Brain,2,1938,0.4119
Strain598,UK,2032522,Sys-Brain,2,1931,0.4115
Strain599,UK,2033310,Sys-Brain,2,1933,0.4114
Strain600,UK,2033382,Sys-Brain,2,1937,0.4126
Strain601,Vietnam,2033614,Non-Clinical,2,1930,0.4116
Strain602,UK,2033761,?,2,1932,0.4119
Strain603,Vietnam,2033848,?,2,1931,0.4115
Strain604,Vietnam,2033892,Sys-Brain,2,1930,0.4116
Strain605,Vietnam,2034471,Sys-Brain,2,1932,0.4115
Strain606,Vietnam,2034717,Sys-Brain,2,1931,0.4116
Strain607,Vietnam,2034814,?,2,1929,0.4115
Strain608,UK,2034877,?,2,1932,0.4116
Strain609,UK,2035301,?,2,1936,0.4115
Strain610,Vietnam,2035494,Sys-Brain,2,1937,0.4115
Strain611,UK,2035695,Respiratory,2,1935,0.4115
Strain612,Vietnam,2036276,Sys-Brain,2,1941,0.4118
Strain613,UK,2036297,Sys-Brain,2,1937,0.4115
Strain614,Vietnam,2036377,Sys-Brain,2,1936,0.4118
Strain615,Vietnam,2036461,Sys-Brain,2,1939,0.4118
Strain616,UK,2036533,?,2,1940,0.4115
Strain617,UK,2036537,?,2,1937,0.4115
Strain618,UK,2036578,Respiratory,2,1934,0.4115
Strain619,UK,2037005,Sys-Brain,2,1934,0.4115
Strain620,UK,2037194,Sys-Brain,2,1937,0.4115
Strain621,UK,2037262,?,2,1936,0.4115
Strain622,Vietnam,2037865,Non-Clinical,2,1942,0.4109
Strain623,China,2038034,Sys-Brain,2,1941,0.4144
Strain624,UK,2038333,?,2,1938,0.4117
Strain625,China,2038409,Sys-Brain,2,1935,0.4125
Strain626,Vietnam,2038932,Sys-Brain,2,1955,0.4117
Strain627,Vietnam,2039129,Non-Clinical,2,1943,0.4109
Strain628,UK,2039214,?,2,1941,0.4117
Strain629,Vietnam,2039241,Non-Clinical,2,1942,0.4109
Strain630,UK,2039747,?,2,1941,0.4116
Strain631,UK,2039772,?,2,1943,0.4115
Strain632,UK,2040046,?,2,1938,0.4115
Strain633,UK,2040148,?,2,1946,0.4111
Strain634,Vietnam,2040230,Non-Clinical,2,1940,0.4109
Strain635,UK,2040655,?,2,1948,0.4114
Strain636,Vietnam,2040723,Non-Clinical,2,1938,0.4118
Strain637,UK,2040807,Respiratory,2,1950,0.4115
Strain638,UK,2041581,Sys-Brain,2,1946,0.4117
Strain639,UK,2041953,Sys-Brain,2,1937,0.4117
Strain640,UK,2042035,?,2,1946,0.4112
Strain641,UK,2042385,Sys-Brain,2,1948,0.4115
Strain642,Vietnam,2042811,Non-Clinical,2,1949,0.4111
Strain643,UK,2042840,Sys-Brain,2,1949,0.4114
Strain644,Vietnam,2042898,Non-Clinical,2,1948,0.4111
Strain645,UK,2043190,Sys-Brain,2,1948,0.4114
Strain646,Vietnam,2043600,Sys-Brain,2,1948,0.4116
Strain647,UK,2044318,?,2,1945,0.4111
Strain648,UK,2044355,?,2,1945,0.4111
Strain649,UK,2044355,?,2,1945,0.4114
Strain650,Vietnam,2044370,Sys-Brain,2,1947,0.4116
Strain651,UK,2044464,?,2,1946,0.4111
Strain652,Vietnam,2044959,Sys-Brain,2,1958,0.4118
Strain653,Vietnam,2045551,Sys-Brain,2,1955,0.4115
Strain654,Vietnam,2045576,Non-Clinical,2,1953,0.411
Strain655,UK,2046540,Respiratory,2,1945,0.4114
Strain656,UK,2047054,Sys-Brain,2,1949,0.4116
Strain657,UK,2047263,?,2,1948,0.4111
Strain658,Vietnam,2048527,Non-Clinical,2,1948,0.4114
Strain659,Vietnam,2049361,Sys-Brain,2,1954,0.4111
Strain660,UK,2050907,?,2,1953,0.4113
Strain661,UK,2050933,?,2,1958,0.4114
Strain662,UK,2051193,Sys-Brain,2,1958,0.4114
Strain663,Vietnam,2051660,Sys-Brain,2,1953,0.4111
Strain664,Vietnam,2053343,Sys-Brain,2,1960,0.4111
Strain665,Vietnam,2053515,Sys-Brain,2,1954,0.4114
Strain666,UK,2053531,?,2,1953,0.4111
Strain667,Vietnam,2054669,Sys-Brain,2,1963,0.4111
Strain668,Vietnam,2055805,Sys-Brain,2,1963,0.4111
Strain669,Vietnam,2055811,Sys-Brain,2,1967,0.4111
Strain670,Vietnam,2055942,Non-Clinical,2,1958,0.4112
Strain671,UK,2056260,Sys-Brain,2,1965,0.4112
Strain672,China,2059322,Non-Clinical,2,1954,0.4115
Strain673,China,2060774,Non-Clinical,2,1950,0.4127
Strain674,Vietnam,2061822,Non-Clinical,2,1961,0.4109
Strain675,Vietnam,2062307,Sys-Brain,2,1959,0.4112
Strain676,UK,2063157,?,2,1968,0.4112
Strain677,Vietnam,2064730,Non-Clinical,2,1971,0.4118
Strain678,Canada,2065043,?,2,2003,0.4122
Strain679,Canada,2065082,?,2,2003,0.4122
Strain680,Canada,2065383,?,2,2002,0.4122
Strain681,Canada,2065778,?,2,2000,0.4122
Strain682,Canada,2065866,Sys-Brain,2,2003,0.4122
Strain683,Canada,2066185,Sys-Brain,2,2003,0.4122
Strain684,Canada,2066385,?,2,2006,0.4122
Strain685,Vietnam,2067202,Sys-Brain,2,1987,0.4125
Strain686,China,2067932,Sys-Brain,2,1951,0.4123
Strain688,UK,2070823,Sys-Brain,2,1967,0.4107
Strain689,UK,2071690,Sys-Brain,2,1989,0.4116
Strain690,UK,2072768,?,2,1953,0.4079
Strain691,UK,2074137,?,2,1970,0.4107
Strain692,UK,2075052,Respiratory,2,1970,0.4107
Strain693,UK,2075171,?,2,1970,0.4107
Strain694,UK,2075821,Sys-Brain,2,1973,0.4107
Strain695,UK,2077704,?,2,2015,0.4118
Strain696,Vietnam,2077889,Non-Clinical,2,1969,0.4108
Strain697,Vietnam,2078320,Non-Clinical,2,1973,0.4108
Strain698,China,2080136,Non-Clinical,2,1955,0.413
Strain699,UK,2080139,?,2,1973,0.4107
Strain700,Vietnam,2080934,Sys-Brain,2,1970,0.4108
Strain701,Vietnam,2087731,?,2,2013,0.4111
Strain702,Vietnam,2087748,Sys-Brain,2,2011,0.4115
Strain703,Vietnam,2091734,Sys-Brain,2,1988,0.4106
Strain704,China,2094030,?,2,1978,0.411
Strain705,China,2094898,?,2,1984,0.4111
Strain706,China,2095898,Sys-Brain,2,1979,0.4111
Strain707,China,2095966,Non-Clinical,2,1983,0.4111
Strain708,China,2096866,Respiratory,2,2013,0.4124
Strain709,Vietnam,2101241,Non-Clinical,2,1994,0.4101
Strain710,Vietnam,2103238,Sys-Brain,2,2012,0.4108
Strain711,Vietnam,2104032,Non-Clinical,2,1994,0.4097
Strain712,Vietnam,2106674,Sys-Brain,2,2040,0.4115
Strain713,UK,2116098,?,2,1996,0.4075
Strain714,Vietnam,2118488,Sys-Brain,2,2051,0.4113
Strain715,China,2120386,Non-Clinical,2,2027,0.4109
Strain716,China,2129133,Non-Clinical,2,2022,0.4107
Strain717,UK,2129450,Sys-Brain,2,2015,0.407
Strain718,China,2137435,Sys-Brain,2,2045,0.4122
Strain719,China,2137649,?,2,2030,0.412
Strain720,China,2138568,Sys-Brain,2,2033,0.4121
Strain721,China,2140493,Non-Clinical,2,2031,0.4107
Strain722,Vietnam,2144732,Sys-Brain,2,2027,0.4091
Strain723,Vietnam,2160060,Sys-Brain,2,2062,0.4107
Strain724,Vietnam,2170808,Sys-Brain,2,2065,0.4101
Strain725,Vietnam,2192690,Non-Clinical,2,2102,0.4091
Strain726,UK,1990774,?,2,1924,0.4129
Strain727,Vietnam,2029753,Sys-Brain,2,1924,0.4119
Strain728,Vietnam,2031330,Sys-Brain,2,1929,0.4118
Strain729,Vietnam,2031535,Sys-Brain,2,1922,0.4118
Strain730,Vietnam,2032197,Sys-Brain,2,1927,0.4118
Strain731,Vietnam,2032429,Sys-Brain,2,1925,0.4118
Strain732,Vietnam,2032938,Sys-Brain,2,1926,0.4116
Strain733,Vietnam,2033182,Sys-Brain,2,1923,0.4118
Strain734,Vietnam,2033217,Sys-Brain,2,1928,0.4118
Strain735,Vietnam,2033427,Sys-Brain,2,1924,0.4118
Strain736,Vietnam,2033475,Non-Clinical,2,1926,0.4118
Strain737,Vietnam,2033576,Sys-Brain,2,1927,0.4118
Strain738,Vietnam,2033605,Sys-Brain,2,1943,0.4111
Strain739,Vietnam,2033779,Sys-Brain,2,1933,0.4118
Strain740,Vietnam,2033855,Sys-Brain,2,1925,0.4118
Strain741,Vietnam,2033879,Sys-Brain,2,1926,0.4118
Strain742,Vietnam,2034033,Sys-Brain,2,1925,0.4118
Strain743,Vietnam,2034084,Sys-Brain,2,1923,0.4118
Strain744,Vietnam,2034986,Sys-Brain,2,1927,0.4118
Strain745,Vietnam,2035985,Sys-Brain,2,1931,0.4118
Strain746,Vietnam,2042322,Sys-Brain,2,1943,0.4116
Strain747,Vietnam,2042608,Sys-Brain,2,1944,0.4116
Strain748,Vietnam,2043033,Sys-Brain,2,1939,0.4116
Strain749,Vietnam,2043045,Sys-Brain,2,1942,0.4116
Strain750,Vietnam,2043354,Sys-Brain,2,1941,0.4116
Strain751,Vietnam,2043390,Sys-Brain,2,1943,0.4116
Strain752,Vietnam,2043443,Sys-Brain,2,1940,0.4116
Strain753,Vietnam,2043693,?,2,1941,0.4116
Strain754,Vietnam,2043712,Sys-Brain,2,1942,0.4116
Strain755,Vietnam,2043836,Sys-Brain,2,1941,0.4116
Strain756,Vietnam,2043956,?,2,1939,0.4116
Strain757,Vietnam,2044003,?,2,1940,0.4116
Strain758,Vietnam,2044200,Sys-Brain,2,1942,0.4116
Strain759,Vietnam,2044226,Sys-Brain,2,1939,0.4116
Strain760,Vietnam,2044542,Non-Clinical,2,1941,0.4116
Strain761,Vietnam,2044557,Sys-Brain,2,1940,0.4116
Strain762,Vietnam,2044562,Sys-Brain,2,1943,0.4115
Strain763,Vietnam,2044830,Sys-Brain,2,1945,0.4116
Strain764,Vietnam,2044832,Sys-Brain,2,1945,0.4115
Strain765,Vietnam,2044954,Sys-Brain,2,1943,0.4116
Strain766,Vietnam,2044990,Sys-Brain,2,1945,0.4115
Strain767,Vietnam,2045523,Sys-Brain,2,1943,0.4116
Strain768,Vietnam,2047658,Sys-Brain,2,1945,0.4111
Strain769,Vietnam,2048500,Sys-Brain,2,1948,0.411
Strain770,Vietnam,2048641,Sys-Brain,2,1950,0.411
Strain771,Vietnam,2048895,Sys-Brain,2,1948,0.4111
Strain772,Vietnam,2049438,Non-Clinical,2,1945,0.4116
Strain773,Vietnam,2051057,Sys-Brain,2,1949,0.4111
Strain774,Vietnam,2051190,Sys-Brain,2,1948,0.411
Strain775,Vietnam,2051496,Sys-Brain,2,1945,0.4112
Strain776,Vietnam,2051544,Sys-Brain,2,1948,0.411
Strain777,Vietnam,2052403,Sys-Brain,2,1953,0.411
Strain778,Vietnam,2052624,Sys-Brain,2,1949,0.411
Strain779,Vietnam,2053532,Sys-Brain,2,1954,0.411
Strain780,Vietnam,2053648,?,3,1956,0.411
Strain781,Vietnam,2053917,Sys-Brain,3,1955,0.411
Strain782,Vietnam,2054117,Sys-Brain,3,1959,0.411
Strain783,Vietnam,2054288,Sys-Brain,3,1952,0.4109
Strain784,Vietnam,2054465,Sys-Brain,3,1956,0.411
Strain785,Vietnam,2054521,Sys-Brain,3,1948,0.411
Strain786,Vietnam,2054651,Sys-Brain,3,1951,0.411
Strain787,Vietnam,2054767,Sys-Brain,3,1960,0.411
Strain788,Vietnam,2054848,Sys-Brain,3,1952,0.411
Strain789,Vietnam,2054972,Non-Clinical,3,1955,0.411
Strain790,Vietnam,2055158,Sys-Brain,3,1957,0.411
Strain791,Vietnam,2055206,Sys-Brain,3,1954,0.411
Strain792,Vietnam,2055209,?,3,1957,0.411
Strain793,Vietnam,2055213,Sys-Brain,3,1957,0.4113
Strain794,Vietnam,2055442,Sys-Brain,3,1955,0.411
Strain795,Vietnam,2055853,Sys-Brain,3,1956,0.411
Strain796,Vietnam,2055945,Sys-Brain,3,1954,0.411
Strain797,Vietnam,2055961,Sys-Brain,3,1951,0.411
Strain798,Vietnam,2056006,Sys-Brain,4,1956,0.411
Strain799,Vietnam,2056008,Sys-Brain,4,1956,0.411
Strain800,Vietnam,2056049,Sys-Brain,4,1962,0.4112
Strain801,Vietnam,2056049,Non-Clinical,4,1955,0.411
Strain802,Vietnam,2056196,Sys-Brain,4,1952,0.4112
Strain803,Vietnam,2056235,?,4,1952,0.411
Strain804,Vietnam,2056297,Sys-Brain,4,1957,0.411
Strain805,Vietnam,2056392,Sys-Brain,4,1954,0.411
Strain806,Vietnam,2056426,Sys-Brain,4,1952,0.411
Strain807,Vietnam,2056444,Sys-Brain,6,1954,0.411
Strain808,Vietnam,2057153,Sys-Brain,6,1958,0.4108
Strain809,Vietnam,2057217,Sys-Brain,6,1959,0.4112
Strain810,Vietnam,2059562,Non-Clinical,6,1955,0.411
Strain811,Vietnam,2059653,Sys-Brain,6,1962,0.4111
Strain812,Vietnam,2059882,Sys-Brain,6,1958,0.4107
Strain813,Vietnam,2060055,Non-Clinical,6,1954,0.4107
Strain814,Vietnam,2060345,Sys-Brain,6,1961,0.411
Strain815,Vietnam,2061284,Sys-Brain,6,1964,0.4107
Strain816,Vietnam,2066220,Sys-Brain,6,1978,0.4118
Strain817,Vietnam,2066392,Non-Clinical,6,1978,0.4118
Strain818,Vietnam,2066892,Sys-Brain,6,1975,0.4118
Strain819,Vietnam,2067112,Sys-Brain,6,1960,0.4108
Strain820,Vietnam,2068043,Sys-Brain,6,1968,0.4111
Strain821,Vietnam,2068935,Sys-Brain,6,1981,0.4118
Strain822,Vietnam,2069449,Non-Clinical,6,1984,0.4118
Strain823,Vietnam,2069457,Sys-Brain,6,1981,0.4118
Strain824,Vietnam,2069688,Sys-Brain,6,1982,0.4118
Strain825,Vietnam,2070414,Non-Clinical,6,1978,0.4117
Strain826,Vietnam,2070739,Sys-Brain,6,1980,0.4118
Strain827,Vietnam,2070966,Sys-Brain,6,1989,0.4117
Strain828,Vietnam,2074765,Sys-Brain,6,1975,0.4103
Strain829,Vietnam,2077998,Sys-Brain,6,1995,0.4119
Strain830,Vietnam,2079525,Sys-Brain,6,1995,0.4117
Strain831,Vietnam,2079805,Sys-Brain,6,1965,0.4107
Strain832,Vietnam,2079867,Sys-Brain,6,1995,0.4117
Strain833,Vietnam,2079871,Sys-Brain,6,2001,0.4115
Strain834,Vietnam,2079888,Non-Clinical,6,1996,0.4117
Strain835,Vietnam,2080084,Sys-Brain,6,1999,0.4116
Strain836,Vietnam,2080109,Non-Clinical,6,1996,0.4116
Strain837,Vietnam,2080477,Sys-Brain,6,1999,0.4116
Strain838,Vietnam,2080561,Sys-Brain,6,1994,0.4116
Strain839,Vietnam,2083719,Sys-Brain,6,2002,0.4118
Strain840,Vietnam,2083788,Sys-Brain,6,2011,0.4116
Strain841,Vietnam,2084003,Sys-Brain,6,2002,0.411
Strain842,Vietnam,2090357,Sys-Brain,7,1986,0.4105
Strain843,Vietnam,2091089,Sys-Brain,7,1980,0.4111
Strain844,Vietnam,2091169,Sys-Brain,7,2011,0.411
Strain845,Vietnam,2091520,Sys-Brain,7,1979,0.4111
Strain846,Vietnam,2093489,Sys-Brain,7,1982,0.4105
Strain847,Vietnam,2093639,Sys-Brain,7,2010,0.411
Strain848,Vietnam,2093866,Sys-Brain,7,2010,0.4108
Strain849,Vietnam,2095374,Non-Clinical,7,1987,0.4104
Strain850,Vietnam,2095403,Non-Clinical,7,1989,0.4104
Strain851,Vietnam,2096776,Sys-Brain,7,1985,0.4105
Strain852,Vietnam,2103306,Sys-Brain,7,1991,0.4102
Strain853,Vietnam,2104509,Sys-Brain,7,1994,0.4099
Strain854,Vietnam,2105677,Sys-Brain,7,2039,0.4118
Strain855,Vietnam,2121904,Sys-Brain,7,2013,0.4096
Strain856,Vietnam,2128245,Sys-Brain,7,2037,0.4106
Strain857,Vietnam,2168408,Sys-Brain,7,2051,0.4087
Strain858,UK,2203758,?,10,2171,0.4341
Strain859,UK,2039676,Respiratory,2,1982,0.4116
Strain860,UK,2102392,Sys-Brain,2,2055,0.4113
Strain861,UK,2113336,?,2,2069,0.4111
Strain862,UK,2113702,?,2,2064,0.4111
Strain863,UK,2114265,Non-Clinical,2,2063,0.4111
Strain864,UK,2114371,Non-Clinical,2,2070,0.4111
Strain865,UK,2114720,Non-Clinical,2,2066,0.411
Strain866,UK,2115055,Non-Clinical,2,2065,0.4111
Strain867,UK,2115205,?,2,2064,0.411
Strain868,UK,2115250,Respiratory,2,2068,0.411
Strain869,UK,2115335,Non-Clinical,2,2066,0.411
Strain870,UK,2115528,Non-Clinical,2,2063,0.411
Strain871,UK,2116140,Respiratory,2,2067,0.411
Strain872,UK,2116374,Non-Clinical,2,2067,0.411
Strain873,UK,2116408,Non-Clinical,2,2071,0.411
Strain874,UK,2122415,Respiratory,2,2074,0.4109
Strain875,UK,2154317,?,2,2118,0.411
Strain876,UK,2156680,Respiratory,2,2121,0.4111
Strain877,UK,2180479,?,2,2127,0.4098
Strain878,UK,2063490,Respiratory,2,2017,0.4114
Strain879,Canada,2084712,?,2,2043,0.4116
Strain880,Canada,2090842,Respiratory,2,2094,0.4123
Strain881,UK,2139047,Respiratory,2,2059,0.41
Strain882,UK,2139259,Respiratory,2,2065,0.41
Strain883,UK,2153129,Respiratory,2,2083,0.4091
Strain884,UK,2154086,?,2,2117,0.4097
Strain885,UK,2159279,?,2,2120,0.4099
Strain886,UK,2162978,Respiratory,2,2124,0.4095
Strain887,UK,2190878,Respiratory,2,2139,0.4092
Strain888,UK,2198162,?,2,2143,0.4099
Strain889,Canada,2206543,?,2,2146,0.41
Strain890,Canada,2211877,Respiratory,2,2201,0.41
Strain891,China,2215263,Non-Clinical,2,2161,0.41
Strain892,China,2215947,Non-Clinical,2,2162,0.41
Strain893,China,2216983,Non-Clinical,2,2161,0.41
Strain894,UK,2226165,Respiratory,2,2208,0.4104
Strain895,China,2254834,Non-Clinical,2,2182,0.4098
Strain896,Canada,2058404,Respiratory,2,2005,0.4117
Strain897,UK,2074283,?,2,2032,0.412
Strain898,UK,2075622,?,2,2031,0.412
Strain899,Canada,2090131,Respiratory,2,2057,0.4116
Strain900,Canada,2106313,Non-Clinical,2,2045,0.4108
Strain901,Canada,2107006,Non-Clinical,2,2047,0.4107
Strain902,Canada,2107027,Non-Clinical,2,2046,0.4108
Strain903,Canada,2107164,Non-Clinical,2,2046,0.4108
Strain904,Canada,2107959,Non-Clinical,2,2044,0.4108
Strain905,Canada,2115041,Non-Clinical,2,2057,0.4111
Strain906,Canada,2115711,Non-Clinical,2,2059,0.4111
Strain907,Canada,2116955,Non-Clinical,2,2065,0.4111
Strain908,Canada,2118126,?,2,2065,0.4111
Strain909,Canada,2118279,?,2,2108,0.4114
Strain910,Canada,2118505,Respiratory,2,2065,0.4111
Strain911,UK,2119077,Respiratory,2,2063,0.4111
Strain912,Canada,2119415,Non-Clinical,2,2062,0.4111
Strain913,UK,2124185,?,2,2077,0.4109
Strain914,UK,2124543,?,2,2077,0.4109
Strain915,Canada,2124884,Respiratory,2,2071,0.4103
Strain916,UK,2125822,?,2,2072,0.411
Strain917,Canada,2126307,Respiratory,2,2073,0.4109
Strain918,Canada,2126359,?,2,2074,0.4109
Strain919,UK,2130802,?,2,2082,0.411
Strain920,UK,2131178,?,2,2079,0.4109
Strain921,UK,2131221,?,2,2081,0.4109
Strain922,Canada,2131282,Respiratory,2,2077,0.4108
Strain923,UK,2131446,?,2,2081,0.4108
Strain924,UK,2131669,Respiratory,2,2078,0.4109
Strain925,UK,2131890,?,2,2082,0.4109
Strain926,UK,2134990,?,2,2078,0.411
Strain927,Canada,2135795,?,2,2081,0.4107
Strain929,Canada,2140958,?,2,2097,0.4106
Strain930,Canada,2143158,?,2,2087,0.4106
Strain931,Canada,2156948,?,2,2107,0.4105
Strain932,Canada,2157069,?,2,2107,0.4105
Strain933,Canada,2157164,Sys-Brain,2,2135,0.4104
Strain936,UK,2165684,?,2,2137,0.411
Strain937,UK,2168530,?,2,2135,0.4109
Strain938,UK,2168603,Respiratory,2,2116,0.4103
Strain951,UK,2073989,Sys-Brain,2,2026,0.4109
Strain952,UK,2081861,?,2,2031,0.4112
Strain953,UK,2083570,Sys-Brain,2,2026,0.4107
Strain954,UK,2088516,?,2,2033,0.4111
Strain955,UK,2092479,?,2,2038,0.4111
Strain956,UK,2113034,Sys-Brain,2,2054,0.4098
Strain957,UK,2128019,Respiratory,2,2100,0.4103
Strain958,UK,2150648,Non-Clinical,2,2093,0.4104
Strain959,UK,2150904,Non-Clinical,2,2094,0.4104
Strain960,UK,2151618,?,2,2092,0.4104
Strain961,UK,2161769,Non-Clinical,2,2098,0.4104
Strain962,UK,2162498,?,2,2098,0.4102
Strain963,UK,2163331,?,2,2102,0.4102
Strain964,UK,2172512,Non-Clinical,2,2105,0.4105
Strain965,UK,2175367,?,2,2110,0.409
Strain966,UK,2181662,?,2,2123,0.4096
Strain967,UK,2190417,?,2,2117,0.409
Strain973,Canada,2255345,?,2,2222,0.4109
Strain974,Canada,2302206,?,2,2292,0.4112
Strain975,UK,2053595,Respiratory,2,1991,0.4105
Strain976,UK,2055155,Sys-Brain,2,1996,0.4106
Strain977,Canada,2092953,Respiratory,2,2030,0.4111
Strain978,Canada,2114286,Sys-Brain,2,2074,0.4114
Strain979,Canada,2122171,?,2,2090,0.4118
Strain980,UK,2154726,Respiratory,2,2069,0.4081
Strain981,Canada,2163812,?,9,2127,0.4106
Strain982,Canada,2180127,?,9,2165,0.4108
Strain983,Canada,2187910,Respiratory,9,2151,0.4098
Strain984,Canada,2190964,Sys-Brain,9,2156,0.4099
Strain985,Canada,2195801,Sys-Brain,9,2152,0.4097
Strain986,China,2184538,Non-Clinical,5,2066,0.4115
Strain987,China,2185152,Non-Clinical,8,2065,0.4114
Strain988,China,2210593,Non-Clinical,5,2083,0.4116
Strain989,China,2143148,Non-Clinical,5,2034,0.4114
Strain990,China,2144293,Non-Clinical,5,2031,0.4114
Strain991,China,2144657,Non-Clinical,5,2028,0.4114
Strain992,China,2144697,Non-Clinical,5,2028,0.4114
Strain993,China,2147219,Non-Clinical,5,2029,0.4116
Strain994,China,2148319,Non-Clinical,5,2029,0.4116
Strain995,China,2182403,Non-Clinical,5,2072,0.4118
Strain996,China,2182744,Non-Clinical,5,2072,0.4118
Strain997,China,2182893,Non-Clinical,5,2069,0.4118
Strain998,China,2183595,Non-Clinical,5,2070,0.4118
Strain999,China,2183792,Non-Clinical,5,2069,0.4118
Strain1000,China,2184147,Non-Clinical,5,2069,0.4118
Strain1001,China,2185684,Non-Clinical,5,2072,0.4118
Strain1002,China,2186302,Non-Clinical,5,2072,0.4119
Strain1003,China,2189893,Non-Clinical,5,2078,0.4117
Strain1004,UK,2177158,Non-Clinical,5,2099,0.4105
Strain1005,UK,2178107,Non-Clinical,5,2107,0.41
Strain1006,UK,2178951,Non-Clinical,5,2111,0.41
Strain1007,UK,2179867,Non-Clinical,5,2108,0.41
Strain1008,UK,2180029,Non-Clinical,5,2107,0.4101
Strain1009,UK,2180453,Non-Clinical,5,2107,0.41
Strain1010,UK,2181064,Non-Clinical,5,2105,0.4101
Strain1011,UK,2181223,Non-Clinical,5,2105,0.41
Strain1012,UK,2181789,Non-Clinical,5,2108,0.41
Strain1013,Canada,2127725,Non-Clinical,5,2086,0.4112
Strain1014,Canada,2130752,Non-Clinical,5,2090,0.4112
Strain1015,UK,2113624,Respiratory,6,2063,0.4104
Strain1016,UK,2157356,Sys-Brain,6,2091,0.4105
Strain1017,UK,2173529,Respiratory,6,2115,0.4098
Strain1018,UK,2192669,?,6,2120,0.4098
Strain1019,UK,2197590,?,6,2186,0.4104
Strain1020,UK,2203681,?,6,2151,0.4098
Strain1021,Canada,2215255,?,6,2169,0.4093
Strain1022,Canada,2217821,Sys-Brain,6,2170,0.4092
Strain1023,Canada,2221214,?,6,2177,0.409
Strain1024,Canada,2227451,Respiratory,6,2183,0.4093
Strain1025,Canada,2228799,?,6,2176,0.4092
Strain1026,UK,2229726,Respiratory,6,2207,0.4099
Strain1027,UK,2230020,?,6,2205,0.4098
Strain1028,UK,2230785,Respiratory,6,2201,0.4092
Strain1029,UK,2233003,?,6,2176,0.4092
Strain1030,Canada,2237962,Non-Clinical,6,2215,0.4093
Strain1031,Canada,2239426,Non-Clinical,6,2219,0.4093
Strain1032,Canada,2239432,Non-Clinical,6,2217,0.4093
Strain1033,Canada,2239653,Respiratory,6,2188,0.4082
Strain1034,Canada,2240272,Non-Clinical,6,2219,0.4093
Strain1035,UK,2243312,Respiratory,6,2226,0.4099
Strain1036,UK,2249803,?,6,2204,0.4088
Strain1037,Canada,2265786,Non-Clinical,6,2245,0.4091
Strain1038,Canada,2266098,Non-Clinical,6,2231,0.4093
Strain1039,Canada,2267086,Non-Clinical,6,2235,0.4093
Strain1040,Canada,2267160,Non-Clinical,8,2239,0.4093
Strain1041,Canada,2267308,?,8,2236,0.4093
Strain1042,Canada,2271964,?,8,2244,0.4084